id,url,new_description
15883,http://fachinformatiker.de,"Fachinformatiker.de, IT-Community für Systemintegration und Anwendungsentwicklung, Ausbildung, Prüfung, Job, Weiterbildung in den IT-Berufen. Fachinformatiker.de ist die IT-Community rund um Ausbildung / Beruf in den IT-Berufen."
1622,http://futurezone.de,"Aktuelle Nachrichten aus den Bereichen Technologie, Netzpolitik, Digital Life, Gadgets, StartUps, Science und Games. futurezone,startups,games,technology,digital,it,smartphone,social media,science,gadgets"
552,http://golem.de,"Golem.de - Ständig aktuelle IT-News für Profis und Videos aus Politik, Wirtschaft und Wissenschaft über Hardware, Software, Telekommunikation, Games. News, Web, Internet, headlines, newsletter, technology, Computer, web, information, pc, windows, microsoft, netscape, browser, daily, headline, business, top, newslink, newslinks, stories, software, press release, Pressemitteilungen, Schlagzeilen, Nachrichten, deutsch, neu, aktuell, online, www, today, todays, up-to-date news, fast news, intranet news, world, international, german, financial, ipo, business"
10984,http://herber.de,"Das Excel/VBA-Portal mit Informationen zu Excel-Funktionen und VBA-Programmierungen. Fragen und antworten Sie im Excel-Forum, lernen Sie aus der Excel-FAQ und den Excel-Beispielen. Umfangreiche Excel/VBA-Lehr- und Lernmaterialien vermitteln Ihnen Grundlagen und tieferes Themenwissen."
156464,https://stackoverflow.com/,"StackOverflow ist die größte, vertrauenswürdigste Online-Community für Entwickler zu lernen, ihre Programmierkenntnisse teilen, und bauen ihre Karriere. Jeden Monat kommen mehr als 50 Millionen Besucher zu Stack Overflow, um Codierungsprobleme zu lösen, neue Fähigkeiten zu entwickeln und Stellenangebote zu finden."
156467,https://www.freecodecamp.org/,"Erfahren Sie, um Code zu Hause | freeCodeCamp.org. Unsere Mission: Menschen helfen, kostenlos Code zu lernen. Dies erreichen wir, indem wir Tausende von Videos, Artikeln und interaktiven Codierungslektionen erstellen, die der Öffentlichkeit frei zugänglich sind. Wir haben auch Tausende von freeCodeCamp-Lerngruppen auf der ganzen Welt."
45566,http://im-coder.com,"Die weltweit größte Online-Community für Entwickler. Python ist eine dynamisch und stark typisierte Programmiersprache, die entworfen, um zu betonen, usability"
106619,http://living-sun.com,Hilfe bei der Programmierung in verschiedenen Sprachen. Programmierung
20216,http://sps-lehrgang.de,Ein Online SPS-Lehrgang um die Grundlagen sowie fortgeschrittene Techniken von Speicherprogrammierbaren Steuerungen zu erlernen und bereits vorhandene Kenntnisse über SPS zu vertiefen. Willkommen auf unseren Seiten. Hier entsteht im Laufe der Zeit ein umfassender SPS Lehrgang für Speicher­programmierbare Steuerungen.
142498,http://treiber.de,"Treiber.de - Treiber fuer alle Systeme - Alles rund um Hardware, Software und Treiber fuer alle Betriebssysteme. Der Treiber Scanner ermöglicht das Erstellen von Systemprofilen der PC-Hardware - alle Informationen auf einen Blick! Bei Problemen ist damit eine einfache Hilfestellung durch die Community möglich."
156475,https://codepen.io/,"Ein Online-Code-Editor, Lernumgebung und Community für Front-End-Web-Entwicklung mit HTML, CSS und JavaScript-Code-Schnipsel, Projekten und Web-Anwendungen. CodePen ist eine soziale Entwicklungsumgebung für Front-End-Designer und -Entwickler. Erstellen und implementieren Sie eine Website, zeigen Sie Ihre Arbeit, erstellen Sie Testfälle zum Lernen und Debuggen und lassen Sie sich inspirieren."
2389,http://techniker-forum.de,"Techniker-Forum - die Community für staatlich geprüfte Techniker Wer sich zum Handwerks- oder Industriemeister, zum Techniker, Betriebswirt oder staatlich geprüften Erzieher fortbilden will, wird ab August 2020 noch besser unterstützt."
5734,http://elektrikforum.de,"Das große Elektrikforum - Fragen, Antworten, Tipps und Diskussionen zur Elektroinstallation und Hauselektrik. Weitere Merkmale: Durchgangsprüfung, Drehrichtungsanzeige, einpolige Phasenprüfung, Messstellenbeleuchtung, Polaritätsanzeige"
12972,http://kfztech.de,"Kraftfahrzeug-Technik - Informationen aus erster Hand zur Kraftfahrzeugtechnik, Kfz-Mechatronik, Kfz-Versicherung, Autoteile, mit Abkürzungs-ABC. kfz-technik, auto, kraftfahrzeugtechnik, kfz-mechatronik, kfz, Autoreparatur, Autowerkstatt, Kfz, Autoservice, kfz-mechatroniker."
23558,http://et-tutorials.de,"ET-Tutorials.de bietet Videos zu Themen der Elektrotechnik und Elektronik für Schüler und Studenten technischer Fachrichtungen. Ideal für Schüler und Studenten von Fachoberschulen (FOS), Fachschulen, Beruflichen Gymnasien und Höheren Berufsfachschulen, Techniker- und Meisterschulen,Fachhochschulen, Technischen Hochschulen/Universitäten in den ersten Semstern."
156483,https://www.elektrotechnik360.de/forum/,"Das Elektrotechnik Forum mit Neuigkeiten aus den Bereichen Elektroinstallation, Elektrik und Elektrotechnik. Elektrotechnik, Forum, Elektro, Elektrik, Elektromeister, Elektroinstallation."
13951,http://conrad.de,"Beschaffung. Einfach. Schnell. Umfassend ✓ über 5.000.000 Produkte für Geschäftskunden ✓ Gratis Lieferung ab 59,50 € ✓ Conrad ist das zentrale Drehkreuz für Technik und Elektronik.
Mit einer riesigen Produktauswahl und umfassenden Services für jeden Bedarf.
Entdecken Sie inspirierende Technik rund um Smart Living, Computer & Multimedia,
Werkzeug & Haushalt, Modellbau & Modelleisenbahn und vieles mehr."
57543,http://elektropraktiker.de,"Aktuelle Branchen-News, Veranstaltungstipps und neue Produkte von der Fachzeitschrift Elektropraktiker. Der ep ELEKTROPRAKTIKER erscheint monatlich (jährlich 12 Ausgaben) und wendet sich an alle Elektrofachkräfte in Handwerk, Industrie, Planung, Aus- und Weiterbildung."
8671,http://youtube.com/channel/UCKC9gZw2CxA8y9sgBA58Wnw,"Elektrotechnik einfach und verständlich in nur 5 Minuten erklärt. Ich bin Dozent für Mathematik, Grundlagen der Elektrotechnik, Leistungselektronik und Automatisierungstechnik. Elektrotechnik lieben! Wie schwer ist ein Studium? Elektrotechnik Bachelor Master. Mit diesen Elektrotechnikkursen rockt ihr alle Prüfungen."
156528,https://www.erzieherin.de,"Das Fachportal  richtet sich an pädagogische Fachkräfte, Träger von Einrichtungen, Politik, Verwaltung und alle weiteren Akteure im Feld der Frühpädagogik. Als Unternehmen, das für die Kita produziert, als Verlag, der Bücher für pädagogische Fachkräfte herstellt, oder als Anbieter von Weiterbildungsveranstaltungen finden Sie auf ErzieherIn.de eine exzellente Werbeplattform."
5367,http://kita.de,"KiTa.de ist das Informationsportal für Eltern, Erzieher und Kita-Personal. Finden Sie kostenlos Krippen, Kindergärten und Horte in ganz Deutschland. Die über 50.000 Kindertagesstätten in Deutschland - je nach Betreuungsalter unterschieden in Kindergarten, Krippe (Kinderkrippe) und Hort (Schulhort) - bieten Kindertagesbetreuung nach verschiedensten pädagogischen Konzepten und speziellen Bedürfnissen an."
156529,https://kindergartenpaedagogik.de/,"Mehr als 1.300 Fachartikel und rund 1.000 kommentierte Buchhinweise zu allen Fragen rund um Kindergarten und Kita. ""Das Kita-Handbuch"" ist ein Nachschlagewerk rund um die Entwicklung, Betreuung, Bildung und Erziehung von (Klein-)Kindern. "
156537,https://www.kinderzeit.de/,"Interessantes und Wissensvertes rund um das pädagogische Arbeitsumfeld Informieren Sie sich regelmässig über Neuigkeiten rund um wichtige pädagogische Themen und erhalten interessante Tipps zu Weiterbildung, Gesundheit, Medien, Bildung, Praxis und Ernährung. Bestellen Sie unseren Kinderzeit-Newsletter."
156538,https://www.forum-fuer-erzieher.de/,"Informationen und Ideen austauschen, Hilfestellungen und Anregungen geben und finden, Austausch zwischen Eltern und Erzieher/-innen, Kontakte knüpfen, Wissen teilen. Magst du das Forum auch an deiner Erzieherfachschule empfehlen? Es wäre prima, wenn mehr Auszubildende sich hier aktiv einbringen würden."
156541,https://erzieherblogblog.wordpress.com/,"Der Blog für starke Erzieher. Dein Tag als Erzieher, ist nicht einfach und wie ich schon einmal sagte, dass Stresspensum was Du täglich bewältigen musst, ist auf der Anforderungsskala im mittleren Managementbereich angesiedelt. "
9695,http://erzieherin-ausbildung.de,"Erzieherin ? Portal für Ausbildung Praxistipps und Stellenangebote. Lohnt sich die Erzieherausbildung? Definitiv! Erzieherinnen und Erzieher arbeiten in Kitas, Krippen, Horten, Hotels, Krankenhäusern, Heimen und vielen anderen sozialpädagogischen Einrichtungen. "
55093,http://der-wirtschaftsingenieur.de,"Alles über Wissen aus Betriebswirtschaft und Technik, von A wie Automatisierungstechnik bis Z wie Zinsfußrechnung. Das Wirtschaftsingenieurwesen gilt als anspruchsvolles Berufsfeld. Zwei Fachgebiete vereinen sich zu einer interessanten Tätigkeit mit Inhalten aus Wirtschaft, Technik, Recht und Naturwissenschaften."
2982,http://bachheimer.com,"Thomas Bachheimer und Team bringen jenseits vom Einheitsbrei der Systemmedien täglich aktuelle Beiträge aus Wirtschaft, Währung, Politik und Gesellschaft - abgerundet durch eigene Aufsätze, Essays und Gastbeiträge. Im Mittelpunkt stehen wie gewohnt Meldungen zum Tagesgeschehen aus den Bereichen Gold und Silber, Wirtschaft, Währung, Politik und Gesellschaft, welche natürlich nicht unkommentiert bleiben sollen."
9805,http://bwl-wissen.net,"BWL Wissen online! Komplizierte Fachbegriffe noch komplizierter erklären? Nicht mit uns! Auf BWL-Wissen.net findest du verständliche Definitionen und Erklären aus folgenden, wirschaftswissenschaftlichen Bereichen."
5676,http://office-loesung.de,"Experten diskutieren über Microsoft Office und helfen Einsteiger bei Excel Formeln, Access Datenbanken erstellen, Word Serienbriefen, Outlook Mail senden. Forum, Office, Excel, Outlook, Access, Word, PowerPoint, Mail, Sereinbriefe, Formate, Formeln, Präsentationen, Vorlagen, Tabellen, Datenbanken, Windows, Hilfe, Wie mache ich, Tabelle erstellen, formatieren."
43748,http://rechnungswesen-info.de,"Informationen zu den Grundlagen des betrieblichen Rechnungswesens mit Schwerpunkt Finanzbuchhaltung. Eine Betriebsprüfung stellt einen tiefen staatlichen Eingriff in die Rechtssphäre von Unternehmen dar. Falls es im Zuge einer Betriebsprüfung zu größeren Beanstandungen kommt, kann das für das Unternehmen existentielle Konsequenzen haben."
22663,http://fachwirt-forum.de,"Forum mit Informationen zur Fortbildung zu verschiedenen Fachwirten. Ich bin seit 2016 als Freiberuflerin tätig, habe einen Nachweis vom Finanzamt, aus dem hervorgeht, dass ich dort auch als Freiberuflerin geführt bin. Die IHK fragt nun dauernd nach einem Gewerbeschein - den gibt es bei Freiberufllern ja nicht."
156476,https://www.ihk.de/,"Der schnelle Weg zu Ihrer Industrie- und Handelskammer: mit dem IHK-Finder und Infos zu den wichtigsten Angeboten, Themen und Produkten. Sie sind Unternehmer und suchen einen Nachfolger? Sie sind Schüler und suchen einen Ausbildungsplatz? Dann – und nicht nur dann – sind Sie bei Ihrer Industrie- und Handelskammer (IHK) richtig. Hier kommen Sie auf den Weg: mit dem IHK-Finder und Infos zu den wichtigsten IHK-Angeboten."
156543,http://www.bankkaufmann-blog.com/,"Das neue Internetportal für alle Mitarbeiter aus dem Bank- und Finanzbereich. Hallo liebe Community, nach gut 3 Jahren haben wir nun das Outfit unseres Bankkaufmann-Blogs vollständig an den heutigen Standard angepasst. Aus alt wird neu: So sah unser Blog vor dem Relaunch aus: Nach monatelanger Arbeit konnten wir den Blog im Mai ein neues Aussehen verleihen: Bisher gab es ausschließlich die Kategorie ""Neuigkeiten"". "
156544,https://www.der-bank-blog.de/,"Trends für Banken und Sparkassen wie Digitalisierung, Innovation, Social Media, Kundenservice, Strategie und anderen Managementthemen. Seit über 30 Jahren bin ich nun im Bankbereich aktiv. Nach einer Banklehre und anschließendem Studium mit dem Schwerpunkt „Bankwirtschaft“ in Mainz und St. Gallen arbeitete ich in verschiedenen Positionen, u.a. als Direktor bei der Deutschen Bank, als Vorstand einer Sparkasse und als Geschäftsführer eines Online Brokers."
156545,http://www.financial-career.de/,"Financial Career ist eine Bildungsplattform für Schüler, Azubis, Studenten und Professionals und bietet umfassende Informationen zu Studium & Fortbildung. Dieser Artikel beleuchtet die praktischen Aufgaben eines Bankazubis, die Struktur der Ausbildung innerhalb der Berufsschule und am Arbeitsplatz sowie für wen der Ausbildungsberuf geeignet ist. Weiterführende Informationen bezüglich Fortbildungen, Aufstiegschancen, Zwischen- und Abschlussprüfung und mehr findet Ihr auf den entsprechenden Seiten im Menü oben. Diese Seite dient zunächst, einen Einstieg in das Berufsbild zu vermitteln."
13444,http://insideparadeplatz.ch,"Inside Paradeplatz ist eine Internet-Zeitung aus Zürich, mit täglichen News zum Finanzplatz Schweiz und den wichtigsten Banken und deren Manager. Banken und Finanzplatz stehen vor fundamentalen Veränderungen, mit Folgen nicht nur für die betroffenen Unternehmen und deren Mitarbeiter, Kunden und Aktionäre, sondern auch für die Gesellschaft und die Stabilität des Landes."
156546,www.bankkaufmann.com,"Informationsportal mit aktuellen Wirtschaftsnews zum Beruf Bankkaufmann/Bankkauffrau. Das Portal für alle Bankazubis, Studierende und Banker"
156547,https://finanz-szene.de/,"Die Top-Stories der deutschen Banken-und Fintech-Szene, News und Analysen aus dem kostenlosen morgendlichen Newsletter von Finanz-Szene.de. Der führende Newsletter für die deutsche Banken- und Fintech-Branche – und wird immer dienstags bis freitags gegen 5 Uhr an Vorstände, Vordenker und sonstige Professionals versandt."
156548,https://bankstil.de/,"Blog, Informationsdienst und Wissensdatenbank zum Stilwandel im Banking. Als Bank- und Diplomkaufmann beschäftigt mich seit einiger Zeit die Akzentverschiebung im Banking in Richtung Digitalisierung. Als Folge davon entstehen neue Geschäftsmodelle, die zu einer Disintermediation im Banking führen, d.h. die Rolle der Banken als “Hüter des Geldes” gerät ins Wanken."
794,http://finanznachrichten.de,"FinanzNachrichten.de bietet die wichtigsten Nachrichten aus dem Bereich Aktien, Börse und Wirtschaft mit täglich über 12.000 Wirtschafts-News sowie Aktienkurse. FinanzNachrichten.de hat sich auf jene Meldungen spezialisiert, die für den Wirtschaftsinteressierten unverzichtbar sind. Durch Kooperationen mit zahlreichen Online-Medien bietet Ihnen FinanzNachrichten.deeine erstklassige Nachrichten-Übersicht für den Bereich Aktien, Börse und Wirtschaft. Derzeit laufen börsentäglich über 12.000 FinanzNachrichten von mehr als 400 Medien in die FN-Datenbank ein (Stand: Juni 2013)."
10839,http://onvista.de,"Aktuelle Börsenkurse, News, Charts und alle Informationen zu Aktien, Fonds, Devisen, Rohstoffen, Zertifikaten, Optionsscheinen und mehr. Bei einer Börse handelt es sich um einen organisierten Markt, an dem zu festgelegten Zeiten ein Handel mit Vermögenswerten stattfindet."
156550,https://www.it-finanzmagazin.de/,"Das Fachmagazin für IT und Organisation bei Banken, Sparkassen und Versicherungen. IT Finanzmagazin ist das technische Nachrichtenmagazin für Banken, Sparkassen, Versicherer und regulierte FinTechs. Wir berichten über Zukunftsthemen der Finanzwirtschaft – clevere technische Lösungen für Institute und Anbieter, Digitalisierungs-Projekte und Ideen für moderne, digitale Produkte."
1615,http://wallstreet-online.de,"Das Finanz- und Wirtschaftsportal rund um die Themen Aktien, Börse und Aktienkurse. Meinungen, Fakten, Hintergr�nde von Deutschlands grö�ter Finanz-Community. Seit dem Tagestief vom vergangenen Freitag hat der Index in nur 2 Handelstagen gut 750 Punkte an Wert hinzugewinnen können. Der kurzfristige Aufwärtstrend ist unverändert intakt, nach solch einer Rallybewegung muss allerdings nun zunehmend zumindest mit Gewinnmitnahmen gerechnet werden-

DAX – Erreicht die 12.300 Punkte-Marke | wallstreet-online.de - Vollständiger Artikel unter:
https://www.wallstreet-online.de/nachricht/12590909-dax-erreicht-12-300-punkte-marke"
2412,http://boerse-online.de,"BÖRSE ONLINE: Aktuell, unabhängig und kompetent. Börsennachrichten rund um die Themen Aktien, Börse, Börsenkurse, Fonds und Devisen. Die Erholung an den Börsen setzt sich fort. Von den Tiefstständen der Verkaufspanik im März sind die Kurse inzwischen weit entfernt. Positiv gewertet wurde, dass die Arbeitslosenquote in den USA im Mai gesunken ist."
19229,http://boerse-frankfurt.de,"Alles rund um das Thema Akienkurse, Nachrichten, Fonds, Rohstoffe, Anleihen gibt es bei Börse Frankfurt einfach und informativ aufbereitet. Wir haben für Sie umfangreiches Börsenwissen zusammengestellt. Diese Seite bietet Ihnen ein Inhaltsverzeichnis durch die Themen."
50999,http://finanzcheck.pro,"Info Blog über Banken, Kredite und Finanzen. Hier suche ich begeisterte Finanz-Autoren und solltest du Erfahrung in seo-optimierter Schreibweise  haben, kannst du dich gern bewerben."
31648,http://bachelor-studium.net,"Ob Fragen zu den verschiedenen Abschlüssen, Inhalten oder Finanzierung eines Studiums, hier findest Du alle Infos zum Bachelor und Master Studium. Wichtige Informationen zum Bachelor und Master Studium"
10073,http://karrieretipps.de,"Job und Karriereportal - Aktuelle Karrieretipps mit aktuellen Jobs und Informationen für Fachkräfte, Führungskräfte und Young Professionals. Befinden Sie sich noch am Anfang Ihrer Karriere oder schon auf den oberen Stufen der Karrieretreppe? Egal ob als Absolvent, Manager oder Führungskraft: Immer wieder begegnen Ihnen im Laufe der Karriere neue Aufgaben, Tätigkeiten und offene Fragen."
16157,http://schulminator.com,"Die kostenlose online Lernplattform für Schüler: einfache Erklärungen, verständliche Beispiele und interaktiven Übungen mit Lösungen. Das bedeutet, dass Nachhilfe und damit die Förderung der Kinder sehr stark abhängig ist vom Einkommen der Eltern.

Mit Schulminator versuchen wir diese Schere zu schließen und wollen jedem Schüler den Zugang zu zusätzlicher Förderung ermöglichen – unabhängig vom Einkommen der Eltern."
23004,http://youtube.com/channel/UCmwDPZ3-2um3JttJQpjNazw,"Als einer der führenden Informationsanbieter für gewerblich genutzte Kraftfahrzeuge stellt der EuroTransportMedia Verlag ein umfangreiches Internetangebot mit täglich aktualisierten Nachrichten, Technik, Wirtschaft, Logistik, Verkehr, Politik, Gesetzen, Veranstaltungen und Testberichte zur Verfügung. Die Themen der 16. Sendung: Dauerbrenner Parkplatznot, Supertrucks aus Cottbus, Autofahrer im Fahrschul-Lkw und Countdown zur FIA Truck Racing-Saison 2020."
65276,http://omnibus.news,"omnibus.news berichtet über Aktuelles aus der Welt der Omnibusse: Nachrichten, Wirtschaft, Politik, Technik rund um den Bus Der Lasten-Transporter von Volkswagen sollte Anfang der 1970er Jahre in Kooperation mit der damaligen Daimler-Benz AG entstehen. Das gemeinsame Nutzfahrzeug-Projekt wurde aber nicht umgesetzt, zum Glück möchte man meinen, denn so entstand der sinnigerweise als LT abgekürzte Lasten-Transporter mit dem markanten optischen Auftritt in Eigenregie. Und das, was Volkswagen mit dem LT auf die Räder gestellt hatte, entpuppte sich als ein wahres Multitalent: Die Modellpalette der ersten LT-Serie war."
97128,https://play.google.com/store/apps/details?id=com.parkyourbus.parkyourbus.huawei,"Park Your Bus ist ein neues System, um geeignete Busparkplätze in ganz Europa zu finden! Worauf wartest du? Parken wir Ihren Bus!"
156477,http://www.busfahrernetzwerk.de/,"Netzwerk von BusfahrerInnen in privaten und öffentlichen Omnibusunternehmen in Städten und Regionen in Baden-Württemberg. Als BusfahrerInnen wollen wir unseren BerufskollegINNEN als Kontaktpersonen, für alle Fragen die mit Busfahren zu tun haben, zur Verfügung stehen. Wir geben euch Tipps an wen ihr euch bei Fragen wenden könnt."
156478,https://forum.bustreff.de/,"Das Busforum für Busunternehmen. Bustreff.de Busfahrer ist die Plattform für die Omnibusbranche. Die Zielgruppe sind Omnibusunternehmen, Bushändler, Busreiseveranstalter."
30434,https://play.google.com/store/apps/details?id=pattarachanok.ae.krankenpflegelernquiz,"Mit der Krankenpflege Lern Quiz App kannst du. Viele Fragen zu Pflege, Gesundheitswesen, Medizin, Psychologie, Biologie und Anatomie, Pharmakologie, Pathologie usw."
34042,http://ponks.de,"Altenpflege, Krankenpflege und Kinderkrankenpflege. Egal ob Pflegefachkraft, Pflegeassistent, Pflegehelfer oder Auszubildende, hier findest du unsere Tipps und Tricks für deinen Pflegealltag."
1082,http://kleiderkreisel.de,"Nike, Michael Kors, Zara... Kaufe, verkaufe oder tausche deine Kleidung, Accessoires, Kosmetik und noch mehr Second Hand - Lieblinge! Spare und verdiene - Auf Kleiderkreisel kannst du Schnäppchen finden und deinen Kleiderschrank plündern! Wir möchten dir zeigen, wie großartig Secondhand sein kann. Verkaufe deine Kleidung und schenke ihr ein zweites Leben. Finde Kleidung, die es in keinem Geschäft zu kaufen gibt. Kleiderkreisel ist für jeden, der daran glaubt, dass hochwertige Kleidung lange leben sollte."
156481,https://die-krankenschwester.de/,"Schwester Elina beschreibt auf ihrem Blog den ganz normalen Klinikalltag einer Krankenschwester. Seit mehr als 20 Jahren arbeite ich in der Krankenpflege; in dieser Zeit habe ich mehrere Länder, ein Dutzend Kliniken, Hundertschaften von Kollegen und unzählige Patienten kennen gelernt. Derzeit bin ich tätig in einer großen Universitätsklinik irgendwo in Nordeuropa. Genauere Angaben verbietet die Schweigepflicht. Auf diesem Blog erzähle ich von meinen Erfahrungen – Lustiges wie Trauriges, Banales wie fast Unglaubliches."
8148,http://mamikreisel.de,"Hier kannst du bequem und sicher alles rund um Baby, Kind, Schwangere und Mamis verkaufen und shoppen. Mach mit und werde Teil unseren tollen Eltern-Community. Wir möchten dir zeigen, wie großartig Secondhand sein kann. Verkaufe deine Kinder- und Schwangerschaftssachen und schenke ihnen ein zweites Leben. Finde Kleidung und Nützliches, das es in keinem Geschäft zu kaufen gibt. Mamikreisel ist für jeden, der daran glaubt, dass hochwertige Sachen lange leben sollten."
156482,https://www.brigitte.de/,"BRIGITTE.de: Mode oder Beauty, Diät oder Rezepte - hier findet ihr genau die Themen, die Frauen interessieren, und eine lebendige Community. Ja, auch bei anderen Müttern läuft mal was schief. Also entspannt euch und lacht mit uns über die kleinen Alltags-Desaster, die sie im Netz zeigen"
44672,http://deutscher-bauzeiger.de,"Ihr Baubegleiter zum Bauen, Hausbau, Neubau, Planung, Bauplanung, Architekt, Bauamt
Rang 12000; Besucher 160.000 monatlich. Der Deutsche Bauzeiger ist das Online-Fachmagazin für Bauherren.

Bis zu 160.000 Besucher rufen bis zu 3 Millionen Seiten auf und informieren sich monatlich bei uns.

Besonders beliebt sind die Fragenlisten an den Architekten, Bauträger, Fertighaushersteller das Raumbuch, die Bauplanung und das Bauamt.

Am umfangreichsten finden Besucher das Thema Baugrube.

Wir haben in unseren Themenbereichen sehr viele praktische Tipps.

Unsere Bauberater kommen aus der Praxis."
156489,https://www.baunetz-architekten.de,"Baunetz ARCHITEKTEN präsentieren bildreich ausgewählte Büros mit ihren Referenzen, News, Terminen und Jobangeboten. BauNetz, Meldungen, Architektur, Architekten, Architekt, Bauwesen, Nachrichten."
127555,http://freshouse.de,"Interior design,moderne Produktdesigns und zeitgenössische Architekturlösungen und Neuigkeiten aus aller Welt E-Magazine. Freshouse. Das Online-Magazin “fresHouse” ist ein Werk von einem jungen Team kreativer Menschen, die in Bereich der Architektur, des Interieur- und Industriedesigns tätig sind und die auch vielseitige Interessen an Kunst, Technologie und Innovationen haben."
137612,http://architektur-urbanistik.berlin,"Das Berliner Forum für Architektur, Bauvorhaben, Bauprojekte, Stadtentwicklung und Urbanistik in Berlin, dem Umland und den einzelnen Berliner Bezirken. Architektur, Bauprojekte, Baustellen und Bauvorhaben in Berlin, den Berliner Bezirken und im Umland von Berlin."
156492,https://www.archdaily.com/,"ArchDaily, Rundfunk Architektur Weltweit: Architektur Nachrichten, Wettbewerbe und Projekte jede Stunde für die Architektur professionellen aktualisiert. die meistbesuchte Architektur-Website der Welt."
156493,https://bdia.de/,"Der bdia ist der Berufsverband der Innenarchitekten in Deutschland und setzt sich für sie in Politik, Wirtschaft und der Öffentlichkeit ein. Der bdia fördert und festigt seit über 60 Jahren den Berufsstand und die Berufsausübung der Innenarchitektinnen und Innenarchitekten in Deutschland. Dabei setzt er sich als Berufsvertretung seiner Mitglieder für deren Belange in der Öffentlichkeit und gegenüber Wirtschaft und Politik ein. Der bdia ist der größte Innenarchitektenverband in Europa. Weiterlesen"
156500,https://www.baumeister.de/,"Baumeister ist die deutsche Fachzeitschrift für Architektur, Planen, Baukonstruktion, nachhaltigem Bauen, Städtebau und Design. Hier fassen wir für Sie die wichtigsten architekturrelevanten News zusammen. Heute: Christo verstirbt im Alter von 84 Jahren, Women Architects Map und mehr."
156501,https://internet-fuer-architekten.de/,"Das unabhängige Online-Magazin zu Marketing, Webdesign, Social Media und Bürokommunikation für Architekten und Ingenieure. Das Angebot dieses Online-Magazins richtet sich sowohl an internet-erfahrene Büros, die bereits seit Jahren im Netz aktiv sind, als auch an Büros oder Planerinnen und Planer, die die Einrichtung einer neuen Website, eines Social Media-Profils oder eines Blogs planen. Aber natürlich sind viele Themen auch für Leserinnen und Leser ausserhalb der Bau- und Architekturbranche interessant."
122166,http://business-netz.com,"Dieses Business-Portal bietet Ihnen als Manager oder Führungskraft aktuelle Informationen, Urteile und Muster zu Unternehmensführung, Karriere, Steuern und Recht. Übersichten sind nützliche Helfer im Berufsalltag.  Ob Schritt-für Schritt-Anleitung, Schaubilder oder Übungen, hier finden Sie etwas für fast jede Situation. Schaun Sie doch einfach mal rein! Alle Übersichten sind praxisnah und selbstverständlich kostenlos."
32772,http://coaching-weitblick.de,"Seit 2010 erfolgreich am Markt für Ihre Themen: Berufliches Coaching, Bewerbungscoaching, Business Coaching, Karriere, etc. Für: Fachkräfte (m/w), Führungskräfte (m/w), Selbständige, Menschen, die zurück in den Beruf möchten, Arbeitssuchende, Menschen, die sich beruflich neu orientieren möchten."
140012,http://personalmanagement-studieren.de,"Das großte Portal zum Studium im Bereich Personalwesen/Human Resources. Unabhängig recherchiert, mit allen Studiengängen, Weiterbildungen und Infos. Das Personalwesen war schon immer ein großer Baustein für den Erfolg von Unternehmen. Allerdings hat sich in den vergangenen Jahren die Bedeutung, die dem Human Resource Management zugemessen wird, stark erhöht. Nicht nur aufgrund von Themen wie Fachkräftemangel und Demografiewandel sind professionell agierende Personalmanager zu einem wichtigen Wettbewerbsfaktor geworden."
156503,https://www.humanresourcesmanager.de,"Der HUMAN RESOURCES MANAGER – das Fachmagazin rund um die zentralen Themen des Personalmanagements wie Recruiting, Führung und Personalentwicklung. HR entwickelt sich zum Gestalter der Employee Experience. Der Erfahrungsschatz in Marketing und Vertrieb kann dabei helfen, sagt Christian Seeringer."
52457,http://arbeitsrecht.de,"Das Informationspartal zum Arbeitsrecht in Deutschland. Mit aktuellen Meldungen, Forum und Expertenrat. Von der Steuerbefreiung des arbeitgeberseitigen Zuschusses zum Kurzarbeitergeld profitieren hauptsächlich Arbeitgeber. Betriebsräte sollten bestehende Betriebsvereinbarungen zur Kurzarbeit darauf überprüfen, ob diese nicht angepasst werden müssen, damit die Einkommensteuerbefreiung auch den Arbeitnehmer erreicht."
156508,https://arbeitsrecht.online/,"Dr. Hubert Menken erklärt leicht verständlich die für Arbeitnehmer wichtigsten Themen, beantwortet die häufigsten Fragen und gibt viele Tipps und Ratschläge. Am Arbeitsplatz entstehen immer wieder Spannungen und Konflikte. Die Folge davon können Abmahnungen, Kündigungen oder das Angebot eines Aufhebungsvertrags sein. Dabei und beim Arbeitsvertrag als ersten und dem Zeugnis als letzten Akt eines Arbeitsverhältnisses helfen Ihnen die Tipps, Ratschläge und Informationen von Dr. Hubert Menken auf Arbeitsrecht.online."
1840,http://arbeitsrechte.de,"Alles zum Thema Arbeitsrecht: Lesen Sie wann Sie eine Abfindung bei Kündigung erhalten was in einen Arbeitsvertrag gehört und welche Rechte Sie haben. Herzlich Willkommen auf arbeitsrechte.de! Jeder Mensch hat Rechte in Bezug auf seine jeweilige Erwerbstätigkeit. Diese sind im Arbeitsrecht festgehalten. Alle Verordnungen, Gesetze und sonstige Bestimmungen finden sich dort wieder. Jegliche Personen, die Arbeit in einem Betrieb leisten und sich aufgrund dessen an Vorschriften zu Art, Zeit, Ort und Ausführung der Arbeit halten müssen, fallen unter das Arbeitsrecht."
125678,http://arbeitsrecht-ratgeber.de,"Der Arbeitsrecht-Ratgeber - Infos zu Kündigung, Probezeit, Arbeitsvertrag, Abmahnung und Abfindung. Auf dieser Internetseite finden Sie umfangreiche rechtliche Informationen rund um die Kündigung, das Recht der Arbeitnehmer und der Arbeitgeber, den Arbeitsvertrag, Abmahnung, die Abwicklung eines Arbeitsvertrages, Abfindung, sowie das Verfahren vor dem Arbeitsgericht."
156511,https://www.hrworks-personalwerk.de/,hr works_personalwerk - Thomas Batsching - bietet Ihnen konkrete Unterstützung und Beratung bei internationalen Personalthemen. hr works_personalwerk bietet Ihnen Unterstützung und Beratung bei internationalen Personalthemen aus einer Hand.
50323,http://vertriebsmanager.de,"Der Vertriebsmanager – das führende Fachmagazin für zentrale Themen des Verkaufsmanagements wie Führung, Organisation, Strategie und Motivation. Fast ein Drittel aller Beschäftigten fände es laut einer Studie gut, würde ihr Vorgesetzter ausgetauscht."
156512,https://vertriebszeitung.de/,"Die Vertriebszeitung - Brandaktuelle Infos zu allen wichtigen Themen wie Akquise & Kundenbindung, Verkaufsmanagement & Digitalisierung, Führung & Karriere. Vertriebszeitung.de ist das brandaktuelle Infoportal für Macher und Entscheider im B2B-Vertrieb.

Wir schreiben für Vertriebsprofis über wirksame Tools für Akquise, Kundenmanagement und Kundenbindung. Und darüber, wie es sich im Vertrieb leben und vorankommen lässt."
156515,http://vertriebskarriere.de/,"Vertriebskarriere - Das Fachportal für Jobs im Vertrieb Der e-Commerce Day Köln ist die Fachmesse für den Online-Handel. Mehr als 100 Aussteller wie Online-Händler, Hersteller, Distributoren, E-Commerce-Dienstleister und Shop-Betreiber präsentieren auf dem Kölner e-Commerce Day ihre Produkte und informieren über E-Commerce-Strategien, neueste Trends sowie aktuelle Entwicklungen des Online-Handels."
156520,https://www.vertriebler-stellen.de/,Finden Sie jetzt Ihren Traumjob als Verkäufer & Vertriebler Finden Sie Stellen für Vertriebler
68355,http://vertrieb-strategie.de,"Das Portal für den Vertrieb, mit Anleitungen, Vorlagen und Tipps für Vertriebskonzepte, Vertriebstrategien und Vertriebsmanagement im Handel und Beruf. Hallo und herzlich Willkommen auf unseren Seiten von www.vertrieb-strategie.de, die sich mit dem Vertrieb in allen seinen Facetten beschäftigen. Im Vordergrund steht dabei natürlich der Vertrieb als solches und es werden die wesentlichen Begriffe definiert und erläutert sowie Anleitungen, Strategien und Konzepte rund um den Vertrieb vorgestellt, geeignet für Vertriebseinsteiger bis zum Vertriebsprofi."